Player,URL
Max Aarons,https://fbref.com/en/players/774cf58b/Max-Aarons
Joshua Acheampong,https://fbref.com/en/players/b7e62e1d/Joshua-Acheampong
Tyler Adams,https://fbref.com/en/players/2b09d998/Tyler-Adams
Tosin Adarabioyo,https://fbref.com/en/players/c81d773d/Tosin-Adarabioyo
Simon Adingra,https://fbref.com/en/players/4dcec659/Simon-Adingra
Emmanuel Agbadou,https://fbref.com/en/players/75f1ed80/Emmanuel-Agbadou
Asher Agbinone,https://fbref.com/en/players/6a10efb3/Asher-Agbinone
Ola Aina,https://fbref.com/en/players/246d153b/Ola-Aina
Rayan Aït-Nouri,https://fbref.com/en/players/9b398aea/Rayan-Ait-Nouri
Kristoffer Ajer,https://fbref.com/en/players/a8c0acb7/Kristoffer-Ajer
Manuel Akanji,https://fbref.com/en/players/89ac64a6/Manuel-Akanji
Nathan Aké,https://fbref.com/en/players/eaeca114/Nathan-Ake
Carlos Alcaraz,https://fbref.com/en/players/4abac767/Carlos-Alcaraz
Carlos Alcaraz,https://fbref.com/en/players/4abac767/Carlos-Alcaraz
Trent Alexander-Arnold,https://fbref.com/en/players/cd1acf9d/Trent-Alexander-Arnold
Alisson,https://fbref.com/en/players/7a2e46a8/Alisson
Miguel Almirón,https://fbref.com/en/players/862a1c15/Miguel-Almiron
Edson Álvarez,https://fbref.com/en/players/8b3ab7ad/Edson-Alvarez
Will Alves,https://fbref.com/en/players/39ef5a7b/Will-Alves
Samuel Amo-Ameyaw,https://fbref.com/en/players/9eedf0e0/Samuel-Amo-Ameyaw
Mathis Amougou,https://fbref.com/en/players/f93cca97/Mathis-Amougou
Joachim Andersen,https://fbref.com/en/players/e34fc66d/Joachim-Andersen
Joachim Andersen,https://fbref.com/en/players/e34fc66d/Joachim-Andersen
Elliot Anderson,https://fbref.com/en/players/de31038e/Elliot-Anderson
André,https://fbref.com/en/players/ec604e2c/Andre
Michail Antonio,https://fbref.com/en/players/ac05f970/Michail-Antonio
Antony,https://fbref.com/en/players/99127249/Antony
Julian Araujo,https://fbref.com/en/players/8f4541c2/Julian-Araujo
Cameron Archer,https://fbref.com/en/players/05e8ca6d/Cameron-Archer
Alphonse Areola,https://fbref.com/en/players/2f965a72/Alphonse-Areola
Joe Aribo,https://fbref.com/en/players/328f7d51/Joe-Aribo
Adam Armstrong,https://fbref.com/en/players/68c720b5/Adam-Armstrong
Harrison Armstrong,https://fbref.com/en/players/de59e609/Harrison-Armstrong
Kepa Arrizabalaga,https://fbref.com/en/players/28d596a0/Kepa-Arrizabalaga
Marco Asensio,https://fbref.com/en/players/45af8a54/Marco-Asensio
Brandon Austin,https://fbref.com/en/players/5e253986/Brandon-Austin
Taiwo Awoniyi,https://fbref.com/en/players/e5478b87/Taiwo-Awoniyi
Yasin Ayari,https://fbref.com/en/players/f173303a/Yasin-Ayari
Jordan Ayew,https://fbref.com/en/players/da052c14/Jordan-Ayew
Jordan Ayew,https://fbref.com/en/players/da052c14/Jordan-Ayew
Benoît Badiashile,https://fbref.com/en/players/06df8256/Benoit-Badiashile
Leon Bailey,https://fbref.com/en/players/3a233281/Leon-Bailey
Carlos Baleba,https://fbref.com/en/players/a1390d2f/Carlos-Baleba
Ross Barkley,https://fbref.com/en/players/3a24769f/Ross-Barkley
Harvey Barnes,https://fbref.com/en/players/3ea50f67/Harvey-Barnes
Calvin Bassey,https://fbref.com/en/players/a36524bf/Calvin-Bassey
Jan Bednarek,https://fbref.com/en/players/4115ce4e/Jan-Bednarek
Armel Bella Kotchap,https://fbref.com/en/players/a39d11bc/Armel-Bella-Kotchap
Jean-Ricner Bellegarde,https://fbref.com/en/players/10f0fdd3/Jean-Ricner-Bellegarde
Rodrigo Bentancur,https://fbref.com/en/players/3b8674e6/Rodrigo-Bentancur
Sander Berge,https://fbref.com/en/players/d0b6129f/Sander-Berge
Lucas Bergvall,https://fbref.com/en/players/a109e5c8/Lucas-Bergvall
Victor Bernth Kristiansen,https://fbref.com/en/players/505486d6/Victor-Bernth-Kristiansen
Beto,https://fbref.com/en/players/ed5c0319/Beto
Philip Billing,https://fbref.com/en/players/d328a254/Philip-Billing
Yves Bissouma,https://fbref.com/en/players/6c203af0/Yves-Bissouma
Lamare Bogarde,https://fbref.com/en/players/bca5c4a7/Lamare-Bogarde
Willy Boly,https://fbref.com/en/players/a4ac4b8f/Willy-Boly
Sven Botman,https://fbref.com/en/players/ccce7025/Sven-Botman
Jarrod Bowen,https://fbref.com/en/players/79c84d1c/Jarrod-Bowen
Conor Bradley,https://fbref.com/en/players/bbd67769/Conor-Bradley
Jarrad Branthwaite,https://fbref.com/en/players/c1949191/Jarrad-Branthwaite
James Bree,https://fbref.com/en/players/c07b7c5c/James-Bree
Ben Brereton,https://fbref.com/en/players/57827369/Ben-Brereton
Nathan Broadhead,https://fbref.com/en/players/43309491/Nathan-Broadhead
Armando Broja,https://fbref.com/en/players/97220da2/Armando-Broja
David Brooks,https://fbref.com/en/players/dc4cae05/David-Brooks
Emi Buendía,https://fbref.com/en/players/66b76d44/Emi-Buendia
Santiago Bueno,https://fbref.com/en/players/edc98fac/Santiago-Bueno
Facundo Buonanotte,https://fbref.com/en/players/468a7a91/Facundo-Buonanotte
Cameron Burgess,https://fbref.com/en/players/da61ca98/Cameron-Burgess
Dan Burn,https://fbref.com/en/players/b2d31e83/Dan-Burn
Wes Burns,https://fbref.com/en/players/b3fe23c6/Wes-Burns
Moisés Caicedo,https://fbref.com/en/players/16264a81/Moises-Caicedo
Tom Cairney,https://fbref.com/en/players/a8748947/Tom-Cairney
Jens Cajuste,https://fbref.com/en/players/928a4a61/Jens-Cajuste
Riccardo Calafiori,https://fbref.com/en/players/aded8e6f/Riccardo-Calafiori
Dominic Calvert-Lewin,https://fbref.com/en/players/59e6e5bf/Dominic-Calvert-Lewin
Diego Carlos,https://fbref.com/en/players/b4a014b1/Diego-Carlos
Fabio Carvalho,https://fbref.com/en/players/966e28d0/Fabio-Carvalho
Casemiro,https://fbref.com/en/players/4d224fe8/Casemiro
Kaelan Casey,https://fbref.com/en/players/cd4b2c5f/Kaelan-Casey
Matty Cash,https://fbref.com/en/players/2389cdc2/Matty-Cash
Timothy Castagne,https://fbref.com/en/players/197640fd/Timothy-Castagne
Trevoh Chalobah,https://fbref.com/en/players/5515376c/Trevoh-Chalobah
Trevoh Chalobah,https://fbref.com/en/players/5515376c/Trevoh-Chalobah
Conor Chaplin,https://fbref.com/en/players/4ec55b87/Conor-Chaplin
Federico Chiesa,https://fbref.com/en/players/b0f7e36c/Federico-Chiesa
Ben Chilwell,https://fbref.com/en/players/d2424d1b/Ben-Chilwell
Chiquinho,https://fbref.com/en/players/dc6c2f02/Chiquinho
Hamza Choudhury,https://fbref.com/en/players/7d2d3329/Hamza-Choudhury
Ryan Christie,https://fbref.com/en/players/26ce2263/Ryan-Christie
Harry Clarke,https://fbref.com/en/players/a64f2573/Harry-Clarke
Jack Clarke,https://fbref.com/en/players/e16932d8/Jack-Clarke
Nathaniel Clyne,https://fbref.com/en/players/0442183b/Nathaniel-Clyne
Conor Coady,https://fbref.com/en/players/2928dca2/Conor-Coady
Séamus Coleman,https://fbref.com/en/players/0420d84f/Seamus-Coleman
Nathan Collins,https://fbref.com/en/players/a8c19eb8/Nathan-Collins
Toby Collyer,https://fbref.com/en/players/4f9091bc/Toby-Collyer
Levi Colwill,https://fbref.com/en/players/700783e7/Levi-Colwill
Lewis Cook,https://fbref.com/en/players/2afc7272/Lewis-Cook
Maxwel Cornet,https://fbref.com/en/players/beb391dd/Maxwel-Cornet
Vladimír Coufal,https://fbref.com/en/players/fdf3cb77/Vladimir-Coufal
Woyo Coulibaly,https://fbref.com/en/players/beb6e3a6/Woyo-Coulibaly
Aaron Cresswell,https://fbref.com/en/players/4f974391/Aaron-Cresswell
Marc Cucurella,https://fbref.com/en/players/1daec722/Marc-Cucurella
Jorge Cuenca,https://fbref.com/en/players/0abc51f2/Jorge-Cuenca
Matheus Cunha,https://fbref.com/en/players/dc62b55d/Matheus-Cunha
Patson Daka,https://fbref.com/en/players/ca45605e/Patson-Daka
Diogo Dalot,https://fbref.com/en/players/d9565625/Diogo-Dalot
Mikkel Damsgaard,https://fbref.com/en/players/215f3907/Mikkel-Damsgaard
Danilo,https://fbref.com/en/players/a816dbfb/Danilo
Jayden Danns,https://fbref.com/en/players/003cf4d1/Jayden-Danns
Kevin Danso,https://fbref.com/en/players/6e33125f/Kevin-Danso
Ben Davies,https://fbref.com/en/players/44781702/Ben-Davies
Leif Davis,https://fbref.com/en/players/8574c61f/Leif-Davis
Craig Dawson,https://fbref.com/en/players/3e9e06cb/Craig-Dawson
Kevin De Bruyne,https://fbref.com/en/players/e46012d4/Kevin-De-Bruyne
Liam Delap,https://fbref.com/en/players/dd897ee7/Liam-Delap
Sepp van den Berg,https://fbref.com/en/players/7bf9400b/Sepp-van-den-Berg
Justin Devenny,https://fbref.com/en/players/6c2b66fc/Justin-Devenny
Kiernan Dewsbury-Hall,https://fbref.com/en/players/5c74c0f5/Kiernan-Dewsbury-Hall
Amad Diallo,https://fbref.com/en/players/9dc96f10/Amad-Diallo
Rúben Dias,https://fbref.com/en/players/31c69ef1/Ruben-Dias
Luis Díaz,https://fbref.com/en/players/4a1a9578/Luis-Diaz
Tyler Dibling,https://fbref.com/en/players/bdcc89ae/Tyler-Dibling
Lucas Digne,https://fbref.com/en/players/1b84dbe1/Lucas-Digne
Issa Diop,https://fbref.com/en/players/a712ca2b/Issa-Diop
Axel Disasi,https://fbref.com/en/players/ad82197c/Axel-Disasi
Axel Disasi,https://fbref.com/en/players/ad82197c/Axel-Disasi
Roman Dixon,https://fbref.com/en/players/6fba4dba/Roman-Dixon
Nasser Djiga,https://fbref.com/en/players/1a7a4d84/Nasser-Djiga
Matt Doherty,https://fbref.com/en/players/d557d734/Matt-Doherty
Jeremy Doku,https://fbref.com/en/players/fffea3e5/Jeremy-Doku
Nicolás Domínguez,https://fbref.com/en/players/20b3a502/Nicolas-Dominguez
Patrick Dorgu,https://fbref.com/en/players/e6536124/Patrick-Dorgu
Alfie Dorrington,https://fbref.com/en/players/ac1ef440/Alfie-Dorrington
Abdoulaye Doucouré,https://fbref.com/en/players/02b29014/Abdoulaye-Doucoure
Cheick Doucouré,https://fbref.com/en/players/ce4f40c7/Cheick-Doucoure
Flynn Downes,https://fbref.com/en/players/69fdb896/Flynn-Downes
Tommy Doyle,https://fbref.com/en/players/5526deb1/Tommy-Doyle
Radu Drăgușin,https://fbref.com/en/players/620922ed/Radu-Dragusin
Martin Dúbravka,https://fbref.com/en/players/3a949a25/Martin-Dubravka
Lewis Dunk,https://fbref.com/en/players/282f75f3/Lewis-Dunk
Jáder Durán,https://fbref.com/en/players/414184f7/Jader-Duran
Ederson,https://fbref.com/en/players/3bb7b8b4/Ederson
George Edmundson,https://fbref.com/en/players/46ff3923/George-Edmundson
Odsonne Édouard,https://fbref.com/en/players/0562b7f1/Odsonne-Edouard
Odsonne Édouard,https://fbref.com/en/players/0562b7f1/Odsonne-Edouard
Samuel Edozie,https://fbref.com/en/players/007414dd/Samuel-Edozie
Ronnie Edwards,https://fbref.com/en/players/be90c4b0/Ronnie-Edwards
Anthony Elanga,https://fbref.com/en/players/2fba6108/Anthony-Elanga
Harvey Elliott,https://fbref.com/en/players/b9e1436c/Harvey-Elliott
Yunus Emre Konak,https://fbref.com/en/players/e02b5b36/Yunus-Emre-Konak
Julio Enciso,https://fbref.com/en/players/9cfbad36/Julio-Enciso
Julio Enciso,https://fbref.com/en/players/9cfbad36/Julio-Enciso
Wataru Endo,https://fbref.com/en/players/c149016b/Wataru-Endo
Christian Eriksen,https://fbref.com/en/players/980522ec/Christian-Eriksen
Romain Esse,https://fbref.com/en/players/87189f25/Romain-Esse
Pervis Estupiñán,https://fbref.com/en/players/d38fdf53/Pervis-Estupinan
Evanilson,https://fbref.com/en/players/6f3cc2fe/Evanilson
Jonny Evans,https://fbref.com/en/players/f8fcd2a5/Jonny-Evans
Eberechi Eze,https://fbref.com/en/players/ae4fc6a4/Eberechi-Eze
Łukasz Fabiański,https://fbref.com/en/players/9328b835/Lukasz-Fabianski
Wout Faes,https://fbref.com/en/players/9c221d14/Wout-Faes
Abdul Fatawu Issahaku,https://fbref.com/en/players/bceda5ff/Abdul-Fatawu-Issahaku
João Félix,https://fbref.com/en/players/8aafd64f/Joao-Felix
Evan Ferguson,https://fbref.com/en/players/4596da74/Evan-Ferguson
Evan Ferguson,https://fbref.com/en/players/4596da74/Evan-Ferguson
Bruno Fernandes,https://fbref.com/en/players/507c7bdf/Bruno-Fernandes
Mateus Fernandes,https://fbref.com/en/players/ef491564/Mateus-Fernandes
Enzo Fernández,https://fbref.com/en/players/5ff4ab71/Enzo-Fernandez
Mark Flekken,https://fbref.com/en/players/a92ab7be/Mark-Flekken
Phil Foden,https://fbref.com/en/players/ed1e53f3/Phil-Foden
Wesley Fofana,https://fbref.com/en/players/132a82f1/Wesley-Fofana
Carlos Forbs,https://fbref.com/en/players/8a310070/Carlos-Forbs
Fraser Forster,https://fbref.com/en/players/c3e39f12/Fraser-Forster
Ryan Fraser,https://fbref.com/en/players/d56543a0/Ryan-Fraser
Niclas Füllkrug,https://fbref.com/en/players/4f16405e/Niclas-Fullkrug
Cody Gakpo,https://fbref.com/en/players/1971591f/Cody-Gakpo
Idrissa Gana Gueye,https://fbref.com/en/players/72c812f3/Idrissa-Gana-Gueye
Andrés García,https://fbref.com/en/players/40498af1/Andres-Garcia
Alejandro Garnacho,https://fbref.com/en/players/7aa8adfe/Alejandro-Garnacho
James Garner,https://fbref.com/en/players/4e015693/James-Garner
Tyrique George,https://fbref.com/en/players/e6f7797e/Tyrique-George
Morgan Gibbs-White,https://fbref.com/en/players/32f60ed8/Morgan-Gibbs-White
Billy Gilmour,https://fbref.com/en/players/df10e27c/Billy-Gilmour
Ben Godfrey,https://fbref.com/en/players/9f7c837d/Ben-Godfrey
Martial Godo,https://fbref.com/en/players/e0eea46f/Martial-Godo
João Gomes,https://fbref.com/en/players/8b57ad2c/Joao-Gomes
Rodrigo Gomes,https://fbref.com/en/players/8dcf77c0/Rodrigo-Gomes
Toti Gomes,https://fbref.com/en/players/f0caab96/Toti-Gomes
Diego Gómez,https://fbref.com/en/players/916728da/Diego-Gomez
Joe Gomez,https://fbref.com/en/players/7a11550b/Joe-Gomez
Nicolás González,https://fbref.com/en/players/2c56a792/Nicolas-Gonzalez
Anthony Gordon,https://fbref.com/en/players/2bd83368/Anthony-Gordon
Ryan Gravenberch,https://fbref.com/en/players/b8e740fb/Ryan-Gravenberch
Archie Gray,https://fbref.com/en/players/f58515f5/Archie-Gray
Jack Grealish,https://fbref.com/en/players/b0b4fd3e/Jack-Grealish
Jacob Greaves,https://fbref.com/en/players/1f169636/Jacob-Greaves
Brajan Gruda,https://fbref.com/en/players/ae9b998d/Brajan-Gruda
Albert Grønbaek,https://fbref.com/en/players/0da5076f/Albert-Gronbaek
Gonçalo Guedes,https://fbref.com/en/players/e6bc67d7/Goncalo-Guedes
Marc Guéhi,https://fbref.com/en/players/d0706b27/Marc-Guehi
Luis Guilherme,https://fbref.com/en/players/b7672d43/Luis-Guilherme
Bruno Guimarães,https://fbref.com/en/players/82518f62/Bruno-Guimaraes
Marc Guiu,https://fbref.com/en/players/d3d774cc/Marc-Guiu
İlkay Gündoğan,https://fbref.com/en/players/819b3158/Ilkay-Gundogan
Malo Gusto,https://fbref.com/en/players/d56b9520/Malo-Gusto
Joško Gvardiol,https://fbref.com/en/players/5ad50391/Josko-Gvardiol
Erling Haaland,https://fbref.com/en/players/1f44ac21/Erling-Haaland
Lewis Hall,https://fbref.com/en/players/da011f18/Lewis-Hall
Ali Al Hamadi,https://fbref.com/en/players/8450467d/Ali-Al-Hamadi
Marcus Harness,https://fbref.com/en/players/90e9ca3d/Marcus-Harness
Jack Harrison,https://fbref.com/en/players/aa849a12/Jack-Harrison
Taylor Harwood-Bellis,https://fbref.com/en/players/47327321/Taylor-Harwood-Bellis
Kai Havertz,https://fbref.com/en/players/fed7cb61/Kai-Havertz
Jan Paul van Hecke,https://fbref.com/en/players/4fd08daa/Jan-Paul-van-Hecke
Hwang Hee-chan,https://fbref.com/en/players/169fd162/Hwang-Hee-chan
Dean Henderson,https://fbref.com/en/players/e5a76dfe/Dean-Henderson
Rico Henry,https://fbref.com/en/players/8a3c1dc7/Rico-Henry
Mads Hermansen,https://fbref.com/en/players/c924b17d/Mads-Hermansen
Son Heung-min,https://fbref.com/en/players/92e7e919/Son-Heung-min
James Hill,https://fbref.com/en/players/69942fb3/James-Hill
Jack Hinshelwood,https://fbref.com/en/players/e98211e7/Jack-Hinshelwood
George Hirst,https://fbref.com/en/players/78e87179/George-Hirst
Mason Holgate,https://fbref.com/en/players/d0042ab9/Mason-Holgate
Callum Hudson-Odoi,https://fbref.com/en/players/15f3ec41/Callum-Hudson-Odoi
Will Hughes,https://fbref.com/en/players/a0666d3e/Will-Hughes
Dean Huijsen,https://fbref.com/en/players/87278bce/Dean-Huijsen
Omari Hutchinson,https://fbref.com/en/players/bd9553e6/Omari-Hutchinson
Rasmus Højlund,https://fbref.com/en/players/491a433d/Rasmus-Hojlund
Igor,https://fbref.com/en/players/a4e85758/Igor
Danny Ings,https://fbref.com/en/players/07802f7f/Danny-Ings
Tim Iroegbunam,https://fbref.com/en/players/84c5ceea/Tim-Iroegbunam
Andy Irving,https://fbref.com/en/players/b1be9fc0/Andy-Irving
Alexander Isak,https://fbref.com/en/players/8e92be30/Alexander-Isak
Alex Iwobi,https://fbref.com/en/players/6ca5ec4b/Alex-Iwobi
Nicolas Jackson,https://fbref.com/en/players/9c36ed83/Nicolas-Jackson
Reece James,https://fbref.com/en/players/1265a93a/Reece-James
Vitaly Janelt,https://fbref.com/en/players/8449d35e/Vitaly-Janelt
Vitezslav Jaros,https://fbref.com/en/players/12bb4d6a/Vitezslav-Jaros
Daniel Jebbison,https://fbref.com/en/players/03edb878/Daniel-Jebbison
Mathias Jensen,https://fbref.com/en/players/0f134faf/Mathias-Jensen
Gabriel Jesus,https://fbref.com/en/players/b66315ae/Gabriel-Jesus
Raúl Jiménez,https://fbref.com/en/players/b561db50/Raul-Jimenez
Kim Jisoo,https://fbref.com/en/players/f4065d9e/Kim-Jisoo
João Pedro,https://fbref.com/en/players/e8832875/Joao-Pedro
Joelinton,https://fbref.com/en/players/c17bfb65/Joelinton
Ben Johnson,https://fbref.com/en/players/9319781b/Ben-Johnson
Brennan Johnson,https://fbref.com/en/players/0cd31129/Brennan-Johnson
Sam Johnstone,https://fbref.com/en/players/9e5708be/Sam-Johnstone
Curtis Jones,https://fbref.com/en/players/4fb9c88f/Curtis-Jones
Jorginho,https://fbref.com/en/players/45db685d/Jorginho
Diogo Jota,https://fbref.com/en/players/178ae8f8/Diogo-Jota
James Justin,https://fbref.com/en/players/fb614c44/James-Justin
Filip Jørgensen,https://fbref.com/en/players/0107757e/Filip-Jorgensen
Ferdi Kadioglu,https://fbref.com/en/players/66c52a77/Ferdi-Kadioglu
Daichi Kamada,https://fbref.com/en/players/15b287da/Daichi-Kamada
Boubacar Kamara,https://fbref.com/en/players/cc77354e/Boubacar-Kamara
Michael Kayode,https://fbref.com/en/players/e19660a8/Michael-Kayode
Michael Keane,https://fbref.com/en/players/c5b7c315/Michael-Keane
Caoimhín Kelleher,https://fbref.com/en/players/62d7ef38/Caoimhin-Kelleher
Lloyd Kelly,https://fbref.com/en/players/f31def1e/Lloyd-Kelly
Milos Kerkez,https://fbref.com/en/players/0ad53bdc/Milos-Kerkez
Bilal El Khannouss,https://fbref.com/en/players/f7042636/Bilal-El-Khannouss
Abdukodir Khusanov,https://fbref.com/en/players/d17ce930/Abdukodir-Khusanov
Max Kilman,https://fbref.com/en/players/d0f72bf1/Max-Kilman
Joshua King,https://fbref.com/en/players/86109b3b/Joshua-King
Antonín Kinský,https://fbref.com/en/players/b38ac6a4/Antonin-Kinsky
Jakub Kiwior,https://fbref.com/en/players/dc3e663e/Jakub-Kiwior
Justin Kluivert,https://fbref.com/en/players/4c3a6744/Justin-Kluivert
Ibrahima Konaté,https://fbref.com/en/players/5ed9b537/Ibrahima-Konate
Ezri Konsa,https://fbref.com/en/players/0313a347/Ezri-Konsa
Mateo Kovačić,https://fbref.com/en/players/79c0821a/Mateo-Kovacic
Caleb Kporha,https://fbref.com/en/players/c80f8c9d/Caleb-Kporha
Emil Krafth,https://fbref.com/en/players/77cf6852/Emil-Krafth
Mohammed Kudus,https://fbref.com/en/players/b62878a5/Mohammed-Kudus
Dejan Kulusevski,https://fbref.com/en/players/df3cda47/Dejan-Kulusevski
Maxence Lacroix,https://fbref.com/en/players/277c49ed/Maxence-Lacroix
Adam Lallana,https://fbref.com/en/players/99813635/Adam-Lallana
Tariq Lamptey,https://fbref.com/en/players/f4e433d4/Tariq-Lamptey
Will Lankshear,https://fbref.com/en/players/92df535b/Will-Lankshear
Roméo Lavia,https://fbref.com/en/players/ecad9aa5/Romeo-Lavia
Mario Lemina,https://fbref.com/en/players/2b471f99/Mario-Lemina
Bernd Leno,https://fbref.com/en/players/2628fd2b/Bernd-Leno
Jefferson Lerma,https://fbref.com/en/players/9b5ce51a/Jefferson-Lerma
Rico Lewis,https://fbref.com/en/players/b57e066e/Rico-Lewis
Keane Lewis-Potter,https://fbref.com/en/players/41f08ac8/Keane-Lewis-Potter
Myles Lewis-Skelly,https://fbref.com/en/players/5dff6c28/Myles-Lewis-Skelly
Matthijs de Ligt,https://fbref.com/en/players/d6e53a3a/Matthijs-de-Ligt
Pedro Lima,https://fbref.com/en/players/b2f4cad5/Pedro-Lima
Victor Lindelöf,https://fbref.com/en/players/f5deef4c/Victor-Lindelof
Jesper Lindstrøm,https://fbref.com/en/players/37dc1a48/Jesper-Lindstrom
Valentino Livramento,https://fbref.com/en/players/afed6722/Valentino-Livramento
Sean Longstaff,https://fbref.com/en/players/a2b105e0/Sean-Longstaff
Saša Lukić,https://fbref.com/en/players/c6e8cf1f/Sasa-Lukic
Joe Lumley,https://fbref.com/en/players/bdf3a08e/Joe-Lumley
Massimo Luongo,https://fbref.com/en/players/967ac6e1/Massimo-Luongo
Ian Maatsen,https://fbref.com/en/players/cab9634e/Ian-Maatsen
Alexis Mac Allister,https://fbref.com/en/players/83d074ff/Alexis-Mac-Allister
James Maddison,https://fbref.com/en/players/ee38d9c5/James-Maddison
Noni Madueke,https://fbref.com/en/players/bf34eebd/Noni-Madueke
Gabriel Magalhães,https://fbref.com/en/players/67ac5bb8/Gabriel-Magalhaes
Edmond-Paris Maghoma,https://fbref.com/en/players/8a3ddcd2/Edmond-Paris-Maghoma
Harry Maguire,https://fbref.com/en/players/d8931174/Harry-Maguire
Kobbie Mainoo,https://fbref.com/en/players/c6220452/Kobbie-Mainoo
Tyrell Malacia,https://fbref.com/en/players/6b6c793c/Tyrell-Malacia
Donyell Malen,https://fbref.com/en/players/116c35df/Donyell-Malen
Orel Mangala,https://fbref.com/en/players/a572e291/Orel-Mangala
Ryan Manning,https://fbref.com/en/players/847b53eb/Ryan-Manning
Solly March,https://fbref.com/en/players/bb5fbd2b/Solly-March
Omar Marmoush,https://fbref.com/en/players/0e0102eb/Omar-Marmoush
Gabriel Martinelli,https://fbref.com/en/players/48a5a5d6/Gabriel-Martinelli
Emiliano Martínez,https://fbref.com/en/players/7956236f/Emiliano-Martinez
Lisandro Martínez,https://fbref.com/en/players/bac46a10/Lisandro-Martinez
Pape Matar Sarr,https://fbref.com/en/players/feb5d972/Pape-Matar-Sarr
Jean-Philippe Mateta,https://fbref.com/en/players/50e6dc35/Jean-Philippe-Mateta
Stephy Mavididi,https://fbref.com/en/players/30144daa/Stephy-Mavididi
Konstantinos Mavropanos,https://fbref.com/en/players/00963611/Konstantinos-Mavropanos
Noussair Mazraoui,https://fbref.com/en/players/b74277a0/Noussair-Mazraoui
Bryan Mbeumo,https://fbref.com/en/players/6afaebf2/Bryan-Mbeumo
James Mcatee,https://fbref.com/en/players/96593e89/James-Mcatee
Kasey McAteer,https://fbref.com/en/players/b2c66859/Kasey-McAteer
Alex McCarthy,https://fbref.com/en/players/36c2ca73/Alex-McCarthy
John McGinn,https://fbref.com/en/players/90f91999/John-McGinn
Dwight McNeil,https://fbref.com/en/players/fc15fb84/Dwight-McNeil
Scott McTominay,https://fbref.com/en/players/d93c2511/Scott-McTominay
Ben Mee,https://fbref.com/en/players/8df7a2fb/Ben-Mee
Jayden Meghoma,https://fbref.com/en/players/07382f6c/Jayden-Meghoma
Mikel Merino,https://fbref.com/en/players/d080ed5e/Mikel-Merino
Shumaira Mheuka,https://fbref.com/en/players/43d0b694/Shumaira-Mheuka
Nikola Milenković,https://fbref.com/en/players/bee704fc/Nikola-Milenkovic
Lewis Miley,https://fbref.com/en/players/2c6835e5/Lewis-Miley
James Milner,https://fbref.com/en/players/2f90f6b8/James-Milner
Tyrone Mings,https://fbref.com/en/players/8397a50c/Tyrone-Mings
Yankuba Minteh,https://fbref.com/en/players/c3cf087d/Yankuba-Minteh
Tyrick Mitchell,https://fbref.com/en/players/5cbd1eb0/Tyrick-Mitchell
Kaoru Mitoma,https://fbref.com/en/players/74618572/Kaoru-Mitoma
Jakub Moder,https://fbref.com/en/players/f230bc30/Jakub-Moder
Mikey Moore,https://fbref.com/en/players/00953a9d/Mikey-Moore
Morato,https://fbref.com/en/players/0f41e2ee/Morato
Álex Moreno,https://fbref.com/en/players/16e9d0ea/Alex-Moreno
Sam Morsy,https://fbref.com/en/players/a23c0949/Sam-Morsy
Yerson Mosquera,https://fbref.com/en/players/1e159d70/Yerson-Mosquera
Mason Mount,https://fbref.com/en/players/9674002f/Mason-Mount
Divin Mubama,https://fbref.com/en/players/92868cb5/Divin-Mubama
Mykhailo Mudryk,https://fbref.com/en/players/049a888d/Mykhailo-Mudryk
Marshall Munetsi,https://fbref.com/en/players/2acf0cd7/Marshall-Munetsi
Rodrigo Muniz,https://fbref.com/en/players/a755db8c/Rodrigo-Muniz
Daniel Muñoz,https://fbref.com/en/players/778ef829/Daniel-Munoz
Arijanet Muric,https://fbref.com/en/players/99aa1a84/Arijanet-Muric
Murillo,https://fbref.com/en/players/1704b0b8/Murillo
Jacob Murphy,https://fbref.com/en/players/de112b84/Jacob-Murphy
Vitaliy Mykolenko,https://fbref.com/en/players/30d4a2e5/Vitaliy-Mykolenko
Iliman Ndiaye,https://fbref.com/en/players/5ed97752/Iliman-Ndiaye
Wilfred Ndidi,https://fbref.com/en/players/6b47c5db/Wilfred-Ndidi
Kosta Nedeljković,https://fbref.com/en/players/c70be9cf/Kosta-Nedeljkovic
Reiss Nelson,https://fbref.com/en/players/c5bdb6e3/Reiss-Nelson
Reiss Nelson,https://fbref.com/en/players/c5bdb6e3/Reiss-Nelson
Neto,https://fbref.com/en/players/a9dc785c/Neto
Pedro Neto,https://fbref.com/en/players/7ba2eaa9/Pedro-Neto
Eddie Nketiah,https://fbref.com/en/players/a53649b7/Eddie-Nketiah
Christopher Nkunku,https://fbref.com/en/players/7c56da38/Christopher-Nkunku
Matheus Nunes,https://fbref.com/en/players/e6af02e0/Matheus-Nunes
Darwin Núñez,https://fbref.com/en/players/4d77b365/Darwin-Nunez
Ethan Nwaneri,https://fbref.com/en/players/7f94982c/Ethan-Nwaneri
Christian Nørgaard,https://fbref.com/en/players/df0a4c90/Christian-Norgaard
Jake O'Brien,https://fbref.com/en/players/25f2ef01/Jake-OBrien
Matt O'Riley,https://fbref.com/en/players/fb495bb8/Matt-ORiley
Dara O'Shea,https://fbref.com/en/players/1d042188/Dara-OShea
Chidozie Obi-Martin,https://fbref.com/en/players/0c9bfc3b/Chidozie-Obi-Martin
Wilson Odobert,https://fbref.com/en/players/35516eac/Wilson-Odobert
Chiedozie Ogbene,https://fbref.com/en/players/788c0277/Chiedozie-Ogbene
Caleb Okoli,https://fbref.com/en/players/8ec109e6/Caleb-Okoli
Robin Olsen,https://fbref.com/en/players/e7ee38c3/Robin-Olsen
Amadou Onana,https://fbref.com/en/players/828657ff/Amadou-Onana
André Onana,https://fbref.com/en/players/e9c0c1b2/Andre-Onana
Paul Onuachu,https://fbref.com/en/players/c06d1086/Paul-Onuachu
Frank Onyeka,https://fbref.com/en/players/2944f86f/Frank-Onyeka
Lewis Orford,https://fbref.com/en/players/40aaa04c/Lewis-Orford
Stefan Ortega,https://fbref.com/en/players/c1242d4e/Stefan-Ortega
William Osula,https://fbref.com/en/players/7b355808/William-Osula
Dango Ouattara,https://fbref.com/en/players/2f9e4435/Dango-Ouattara
Nico O’Reilly,https://fbref.com/en/players/91ca4a16/Nico-OReilly
Alex Palmer,https://fbref.com/en/players/6ea97fd5/Alex-Palmer
Cole Palmer,https://fbref.com/en/players/dc7f8a28/Cole-Palmer
Emerson Palmieri,https://fbref.com/en/players/e0bc6fdc/Emerson-Palmieri
Lucas Paquetá,https://fbref.com/en/players/9b6f7fd5/Lucas-Paqueta
Thomas Partey,https://fbref.com/en/players/529f49ab/Thomas-Partey
Nathan Patterson,https://fbref.com/en/players/230f0471/Nathan-Patterson
Andreas Pereira,https://fbref.com/en/players/6639e500/Andreas-Pereira
Ricardo Pereira,https://fbref.com/en/players/75a72a99/Ricardo-Pereira
Kalvin Phillips,https://fbref.com/en/players/4f565d77/Kalvin-Phillips
Jaden Philogene Bidace,https://fbref.com/en/players/19f4d211/Jaden-Philogene-Bidace
Jaden Philogene Bidace,https://fbref.com/en/players/19f4d211/Jaden-Philogene-Bidace
Jordan Pickford,https://fbref.com/en/players/4806ec67/Jordan-Pickford
Ethan Pinnock,https://fbref.com/en/players/e541326e/Ethan-Pinnock
Daniel Podence,https://fbref.com/en/players/7fcc71d8/Daniel-Podence
Alfie Pond,https://fbref.com/en/players/039c3d96/Alfie-Pond
Nick Pope,https://fbref.com/en/players/4b40d9ca/Nick-Pope
Pedro Porro,https://fbref.com/en/players/27d0a506/Pedro-Porro
Jarell Quansah,https://fbref.com/en/players/4125cb98/Jarell-Quansah
Hákon Rafn Valdimarsson,https://fbref.com/en/players/57a34cf4/Hakon-Rafn-Valdimarsson
Aaron Ramsdale,https://fbref.com/en/players/466fb2c5/Aaron-Ramsdale
Jacob Ramsey,https://fbref.com/en/players/1544f145/Jacob-Ramsey
Marcus Rashford,https://fbref.com/en/players/a1d5bd30/Marcus-Rashford
Marcus Rashford,https://fbref.com/en/players/a1d5bd30/Marcus-Rashford
David Raya,https://fbref.com/en/players/98ea5115/David-Raya
Harrison Reed,https://fbref.com/en/players/803ae100/Harrison-Reed
Remy Rees-Dottin,https://fbref.com/en/players/1db75ccb/Remy-Rees-Dottin
Sergio Reguilón,https://fbref.com/en/players/3353737a/Sergio-Reguilon
Bobby Reid,https://fbref.com/en/players/0f7533cd/Bobby-Reid
Chadi Riad,https://fbref.com/en/players/b3b9b8b8/Chadi-Riad
Declan Rice,https://fbref.com/en/players/1c7012b8/Declan-Rice
Chris Richards,https://fbref.com/en/players/0a3d6d2b/Chris-Richards
Richarlison,https://fbref.com/en/players/fa031b34/Richarlison
Andrew Robertson,https://fbref.com/en/players/2e4f5f03/Andrew-Robertson
Antonee Robinson,https://fbref.com/en/players/289601e6/Antonee-Robinson
Rodri,https://fbref.com/en/players/6434f10d/Rodri
Guido Rodríguez,https://fbref.com/en/players/34e393f2/Guido-Rodriguez
Mads Roerslev,https://fbref.com/en/players/57c94db2/Mads-Roerslev
Morgan Rogers,https://fbref.com/en/players/2e5915f1/Morgan-Rogers
Cristian Romero,https://fbref.com/en/players/a3d94a58/Cristian-Romero
Georginio Rutter,https://fbref.com/en/players/c64c01fc/Georginio-Rutter
José Sá,https://fbref.com/en/players/903b6e8b/Jose-Sa
Bukayo Saka,https://fbref.com/en/players/bc7dc64d/Bukayo-Saka
Mohamed Salah,https://fbref.com/en/players/e342ad68/Mohamed-Salah
William Saliba,https://fbref.com/en/players/972aeb2a/William-Saliba
Robert Sánchez,https://fbref.com/en/players/6a713852/Robert-Sanchez
Jadon Sancho,https://fbref.com/en/players/dbf053da/Jadon-Sancho
Ibrahim Sangaré,https://fbref.com/en/players/bced0375/Ibrahim-Sangare
Pablo Sarabia,https://fbref.com/en/players/9744ff80/Pablo-Sarabia
Jeremy Sarmiento,https://fbref.com/en/players/ac0d576d/Jeremy-Sarmiento
Ismaila Sarr,https://fbref.com/en/players/bfdb33aa/Ismaila-Sarr
Sávio,https://fbref.com/en/players/fe6e7156/Savio
Oliver Scarles,https://fbref.com/en/players/242e5e6d/Oliver-Scarles
Dane Scarlett,https://fbref.com/en/players/21945a9e/Dane-Scarlett
Kevin Schade,https://fbref.com/en/players/52afb588/Kevin-Schade
Fabian Schär,https://fbref.com/en/players/c8aa95da/Fabian-Schar
Jeffrey Schlupp,https://fbref.com/en/players/3312f911/Jeffrey-Schlupp
Alex Scott,https://fbref.com/en/players/104d0bb8/Alex-Scott
Matz Sels,https://fbref.com/en/players/834b5c4c/Matz-Sels
Nélson Semedo,https://fbref.com/en/players/d04b94db/Nelson-Semedo
Antoine Semenyo,https://fbref.com/en/players/efd2ec23/Antoine-Semenyo
Marcos Senesi,https://fbref.com/en/players/35141f4c/Marcos-Senesi
Ryan Sessegnon,https://fbref.com/en/players/6aa3e78b/Ryan-Sessegnon
Luke Shaw,https://fbref.com/en/players/9c94165b/Luke-Shaw
Zain Silcott-Duberry,https://fbref.com/en/players/2f5fa231/Zain-Silcott-Duberry
Bernardo Silva,https://fbref.com/en/players/3eb22ec9/Bernardo-Silva
Jota Silva,https://fbref.com/en/players/4d77e622/Jota-Silva
Eric da Silva Moreira,https://fbref.com/en/players/0a4f579a/Eric-da-Silva-Moreira
Jahmai Simpson-Pusey,https://fbref.com/en/players/383b10fd/Jahmai-Simpson-Pusey
Luis Sinisterra,https://fbref.com/en/players/8e16dd48/Luis-Sinisterra
Oliver Skipp,https://fbref.com/en/players/6250083a/Oliver-Skipp
William Smallbone,https://fbref.com/en/players/5e105217/William-Smallbone
Adam Smith,https://fbref.com/en/players/20b104bc/Adam-Smith
Emile Smith Rowe,https://fbref.com/en/players/17695062/Emile-Smith-Rowe
Dominic Solanke,https://fbref.com/en/players/e77dc3b2/Dominic-Solanke
Carlos Soler,https://fbref.com/en/players/fed17f5a/Carlos-Soler
Ramón Sosa,https://fbref.com/en/players/2d3417a1/Ramon-Sosa
Tomáš Souček,https://fbref.com/en/players/6613c819/Tomas-Soucek
Boubakary Soumaré,https://fbref.com/en/players/ae59b359/Boubakary-Soumare
Djed Spence,https://fbref.com/en/players/9bc9a519/Djed-Spence
Jay Stansfield,https://fbref.com/en/players/b2626673/Jay-Stansfield
Jason Steele,https://fbref.com/en/players/28300a16/Jason-Steele
Jack Stephens,https://fbref.com/en/players/6adbc307/Jack-Stephens
Raheem Sterling,https://fbref.com/en/players/b400bde0/Raheem-Sterling
Ross Stewart,https://fbref.com/en/players/18986367/Ross-Stewart
Jakub Stolarczyk,https://fbref.com/en/players/a4a76b3d/Jakub-Stolarczyk
John Stones,https://fbref.com/en/players/5eecec3d/John-Stones
Jørgen Strand Larsen,https://fbref.com/en/players/f553b2b3/Jorgen-Strand-Larsen
Yukinari Sugawara,https://fbref.com/en/players/580bcd18/Yukinari-Sugawara
Kamaldeen Sulemana,https://fbref.com/en/players/a62f8bf1/Kamaldeen-Sulemana
Crysencio Summerville,https://fbref.com/en/players/df04eb4b/Crysencio-Summerville
Sammie Szmodics,https://fbref.com/en/players/39944392/Sammie-Szmodics
Dominik Szoboszlai,https://fbref.com/en/players/934e1968/Dominik-Szoboszlai
Matt Targett,https://fbref.com/en/players/e514ab62/Matt-Targett
James Tarkowski,https://fbref.com/en/players/15ea812b/James-Tarkowski
Marcus Tavernier,https://fbref.com/en/players/5c0da4a4/Marcus-Tavernier
Charlie Taylor,https://fbref.com/en/players/cc2d7ad5/Charlie-Taylor
Jack Taylor,https://fbref.com/en/players/48eed8d5/Jack-Taylor
Mathys Tel,https://fbref.com/en/players/829aa60c/Mathys-Tel
Kenny Tete,https://fbref.com/en/players/77d7c96f/Kenny-Tete
Thiago,https://fbref.com/en/players/dc45ac24/Thiago
Luke Thomas,https://fbref.com/en/players/fc027d02/Luke-Thomas
Youri Tielemans,https://fbref.com/en/players/56f7a928/Youri-Tielemans
Kieran Tierney,https://fbref.com/en/players/fce2302c/Kieran-Tierney
Jurriën Timber,https://fbref.com/en/players/41034650/Jurrien-Timber
Jean-Clair Todibo,https://fbref.com/en/players/88f130ed/Jean-Clair-Todibo
Harry Toffolo,https://fbref.com/en/players/a105d46a/Harry-Toffolo
Takehiro Tomiyasu,https://fbref.com/en/players/b3af9be1/Takehiro-Tomiyasu
Sandro Tonali,https://fbref.com/en/players/0db169ae/Sandro-Tonali
Pau Torres,https://fbref.com/en/players/532e1e4f/Pau-Torres
Conor Townsend,https://fbref.com/en/players/4dc4f138/Conor-Townsend
Adama Traoré,https://fbref.com/en/players/9a28eba4/Adama-Traore
Mark Travers,https://fbref.com/en/players/fe558029/Mark-Travers
Ryan Trevitt,https://fbref.com/en/players/732327ae/Ryan-Trevitt
Kieran Trippier,https://fbref.com/en/players/21512407/Kieran-Trippier
Leandro Trossard,https://fbref.com/en/players/38ceb24a/Leandro-Trossard
Kostas Tsimikas,https://fbref.com/en/players/f315ca93/Kostas-Tsimikas
Axel Tuanzebe,https://fbref.com/en/players/2baec6ce/Axel-Tuanzebe
Destiny Udogie,https://fbref.com/en/players/7cd520e8/Destiny-Udogie
Manuel Ugarte Ribeiro,https://fbref.com/en/players/c9817014/Manuel-Ugarte-Ribeiro
Lesley Ugochukwu,https://fbref.com/en/players/1df4a109/Lesley-Ugochukwu
Enes Ünal,https://fbref.com/en/players/f8eca1b6/Enes-Unal
Virgil van Dijk,https://fbref.com/en/players/e06683ca/Virgil-van-Dijk
Jamie Vardy,https://fbref.com/en/players/45963054/Jamie-Vardy
Renato Veiga,https://fbref.com/en/players/fc8fcbd1/Renato-Veiga
Joël Veltman,https://fbref.com/en/players/dad4b285/Joel-Veltman
Micky van de Ven,https://fbref.com/en/players/8fe2a392/Micky-van-de-Ven
Bart Verbruggen,https://fbref.com/en/players/cf134113/Bart-Verbruggen
Jannik Vestergaard,https://fbref.com/en/players/1900032e/Jannik-Vestergaard
Guglielmo Vicario,https://fbref.com/en/players/77d6fd4d/Guglielmo-Vicario
Carlos Vinícius,https://fbref.com/en/players/8b529245/Carlos-Vinicius
Kyle Walker,https://fbref.com/en/players/86dd77d1/Kyle-Walker
Kyle Walker-Peters,https://fbref.com/en/players/984a5a64/Kyle-Walker-Peters
Christian Walton,https://fbref.com/en/players/c666574f/Christian-Walton
Aaron Wan-Bissaka,https://fbref.com/en/players/9e525177/Aaron-Wan-Bissaka
Danny Ward,https://fbref.com/en/players/d3ce0e89/Danny-Ward
James Ward-Prowse,https://fbref.com/en/players/3515d404/James-Ward-Prowse
James Ward-Prowse,https://fbref.com/en/players/3515d404/James-Ward-Prowse
Ollie Watkins,https://fbref.com/en/players/aed3a70f/Ollie-Watkins
Adam Webster,https://fbref.com/en/players/c40b6180/Adam-Webster
Danny Welbeck,https://fbref.com/en/players/ce5143da/Danny-Welbeck
Welington,https://fbref.com/en/players/a7f95b1f/Welington
Timo Werner,https://fbref.com/en/players/49fe9070/Timo-Werner
Adam Wharton,https://fbref.com/en/players/4b542852/Adam-Wharton
Ben White,https://fbref.com/en/players/35e413f1/Ben-White
Mats Wieffer,https://fbref.com/en/players/4876c9ab/Mats-Wieffer
Neco Williams,https://fbref.com/en/players/dd323728/Neco-Williams
Willian,https://fbref.com/en/players/8b9ebd03/Willian
Joe Willock,https://fbref.com/en/players/a3b03921/Joe-Willock
Callum Wilson,https://fbref.com/en/players/c596fcb0/Callum-Wilson
Harry Wilson,https://fbref.com/en/players/c6dc9ecd/Harry-Wilson
Harry Winks,https://fbref.com/en/players/2f7acede/Harry-Winks
Ben Winterburn,https://fbref.com/en/players/ba31eee2/Ben-Winterburn
Yoane Wissa,https://fbref.com/en/players/2500cef9/Yoane-Wissa
Chris Wood,https://fbref.com/en/players/4e9a0555/Chris-Wood
Nathan Wood-Gordon,https://fbref.com/en/players/4ccf2d5b/Nathan-Wood-Gordon
Luke Woolfenden,https://fbref.com/en/players/e28e9bec/Luke-Woolfenden
Yehor Yarmoliuk,https://fbref.com/en/players/907a5d7c/Yehor-Yarmoliuk
Ryan Yates,https://fbref.com/en/players/c1fe2a48/Ryan-Yates
Leny Yoro,https://fbref.com/en/players/6763f716/Leny-Yoro
Ashley Young,https://fbref.com/en/players/be927d03/Ashley-Young
Illia Zabarnyi,https://fbref.com/en/players/88968486/Illia-Zabarnyi
Oleksandr Zinchenko,https://fbref.com/en/players/51cf8561/Oleksandr-Zinchenko
Joshua Zirkzee,https://fbref.com/en/players/028e70b9/Joshua-Zirkzee
Martin Ødegaard,https://fbref.com/en/players/79300479/Martin-Odegaard
